{
  "roc_auc": 0.8392,
  "brier_score": 0.1376,
  "optimal_threshold": 0.07,
  "profit_at_optimal_threshold": 1368150.0,
  "profit_at_0_5_threshold": -237150,
  "profit_lift": 1605300.0,
  "classification_report": {
    "0": {
      "precision": 0.9767080745341615,
      "recall": 0.3647081561654426,
      "f1-score": 0.5311004784688995,
      "support": 5174.0
    },
    "1": {
      "precision": 0.35687732342007433,
      "recall": 0.9759229534510433,
      "f1-score": 0.5226361031518625,
      "support": 1869.0
    },
    "accuracy": 0.5269061479483175,
    "macro avg": {
      "precision": 0.6667926989771179,
      "recall": 0.6703155548082429,
      "f1-score": 0.526868290810381,
      "support": 7043.0
    },
    "weighted avg": {
      "precision": 0.8122236681970568,
      "recall": 0.5269061479483175,
      "f1-score": 0.5288542882846681,
      "support": 7043.0
    }
  },
  "cost_matrix": {
    "tp_value": 1050,
    "fp_cost": -150,
    "fn_cost": -1200,
    "tn_value": 0
  }
}